Area Name,Postal Code,Latitude,Longitude
Adivare          ,410509,19.159047,73.69621
AFMC          ,411040,18.506342,73.890503
Agoti          ,413132,18.226457,74.975982
Airport          ,411032,18.578542,73.908641
Akurdi          ,411035,18.646468,73.774262
Ala          ,412411,18.504958,73.842081
Alande          ,412205,18.219254,73.922849
Alegaon          ,412211,18.610139,74.325417
Alegaon          ,413801,18.610139,74.325417
Alephata          ,412411,19.182543,74.097247
Ambade          ,412206,18.047384,73.852198
Ambale          ,410507,18.70834,74.34998
Ambarvet          ,412115,18.472855,73.822042
Ambavade          ,412206,18.07341,73.787656
Ambavane          ,410401,18.444231,73.590529
Ambavane          ,412213,18.444231,73.590529
Ambegaon BK        ,411046,18.402869,73.853668
Ambeghar          ,412206,18.132518,73.801102
Ambethan          ,410501,18.812238,73.826282
Ambi          ,410507,18.759752,73.679373
Amble          ,412211,18.705688,74.348699
Amboli          ,410502,19.089558,73.657156
Amboli          ,410505,19.089558,73.657156
Amdabad          ,412218,18.849897,74.259382
Ammunition Factory Khadki      ,411003,18.567988,73.857668
Amondi          ,412408,19.09245,73.827417
Anandnagar          ,411051,17.252763,74.175439
Andgaon          ,412115,18.462606,73.599162
Andhalgaon          ,412211,18.616834,74.399798
Ane          ,412410,19.181129,74.226519
Anjanavale          ,410502,18.645159,73.92576
Anthurne          ,413114,18.084588,74.80063
Antroli          ,412212,18.28287,73.681581
Aptale          ,410502,19.209911,73.772791
Apti          ,412206,18.119072,73.749257
Armament          ,411021,18.537086,73.795187
Arvi          ,412205,18.804265,74.314496
Arvi          ,412401,18.804265,74.314496
Asane          ,410509,19.160972,73.662451
Ashtapur          ,412207,18.546635,74.134273
Audar          ,412404,18.950203,73.69352
Aundh          ,411007,18.555964,73.804439
Aundh Camp        ,411027,18.501009,73.832877
Aundh T.S.        ,411007,18.552157,73.815439
Avhat          ,412402,19.0172,73.698627
Babhurdi          ,412204,18.273442,74.377375
Bahul          ,410501,18.725377,73.999094
Bajirao Road        ,411002,18.513567,73.853342
Ballalwadi          ,410502,19.268026,73.929369
Baner Gaon        ,411045,18.559003,73.786763
Baner Road        ,411008,18.53788,73.804824
Baramati          ,413102,18.182669,74.597219
Baramati Court        ,413102,18.158512,74.583353
Baramati MIDC        ,413133,18.204092,74.607834
Barhanpur          ,413102,18.202013,74.523258
Bari BK        ,412206,18.512324,73.854899
Bavdhan          ,411021,18.507098,73.776404
Bawada          ,413103,17.958906,75.005619
Bazarwadi          ,412206,18.094687,73.832254
Beam Wirelee Station      ,413801,18.645159,73.92576
Bebedhol          ,410506,18.645159,73.92576
Belawade          ,412108,18.48702,73.603298
Belawadi          ,413104,18.578891,73.770681
Belha          ,412410,19.115272,74.176372
Belsar          ,412303,18.313963,74.13097
Bet Narayan Maharaj      ,412203,18.394204,74.363902
Bhadas          ,412108,18.547806,73.536038
Bhamburde          ,412209,18.730015,74.286156
Bhandgaon          ,412214,18.235118,74.673305
Bhandgaon          ,413103,18.235118,74.673305
Bhangarwadi          ,410401,18.744562,73.414338
Bhavaninagar          ,413104,18.119517,74.685418
Bhavani Peth        ,411042,18.508673,73.870273
Bhigwan          ,413130,18.297701,74.754985
Bhigwan R S      ,413105,18.315697,74.773962
Bhimashankar          ,410509,19.07159,73.536022
Bhivadi          ,412301,18.320755,73.993993
Bhivari          ,412301,18.391099,73.931379
Bhodani          ,413103,17.997659,74.966176
Bhondave Wadi        ,412204,18.316597,74.337768
Bhongavali          ,412205,18.645159,73.92576
Bhor          ,412206,18.166565,73.866367
Bhorghar          ,410509,19.143251,73.729398
Bhorgiri          ,412402,19.049214,73.566492
Bhosarigoan          ,411039,18.624897,73.856609
Bhosari I.E.        ,411026,18.622558,73.829113
Bhose          ,410501,18.739566,73.915407
Bhoyare          ,412106,18.862473,73.596218
Bhugaon          ,412115,18.501422,73.750731
Bhukum          ,412115,18.494298,73.722042
Bhusari Colony        ,411038,18.508581,73.795821
Bhutonde          ,412206,18.212557,73.651786
Bibi          ,410513,18.977547,73.805655
Bibvewadi          ,411037,18.480641,73.862557
Bijawadi          ,413106,18.145788,74.95887
Bopgaon          ,412301,18.394601,73.953695
Bori          ,413104,18.126896,74.741022
Bori Aindi        ,412202,18.46266,74.176474
Bori BK        ,412411,19.111191,74.073815
Boribyal          ,413801,18.405735,74.651598
Bori Paradhi        ,412203,18.464782,74.376341
Botanical Garden        ,411020,18.569936,73.850643
Burunjwadi          ,412208,18.432795,74.101894
C D A      ,411001,18.500323,73.87816
Chakan          ,410501,18.760266,73.863035
Chambli          ,412301,18.366799,73.974094
Chandkhed          ,410506,18.648095,73.646263
Chandoli BK        ,410503,19.026878,73.977409
Charoli BK        ,412105,18.645159,73.92576
Chas          ,410513,18.986765,73.859068
Chas          ,410515,18.986765,73.859068
Chavand          ,410502,19.240449,73.745344
Chikhalgaon          ,412206,18.10844,73.809557
Chikhali          ,411062,18.671037,73.824262
Chikhlee          ,411062,18.645126,73.925756
Chilewadi          ,412409,18.645159,73.92576
Chimbli          ,412105,18.695398,73.860275
Chinchani Camp        ,412211,18.645159,73.92576
Chincholi          ,412218,18.576322,74.437679
Chincholi          ,413130,18.576322,74.437679
Chinchoshi          ,410505,18.751049,73.998107
Chinchwad East        ,411019,18.639625,73.795925
Chinchwadgaon          ,411033,18.629823,73.782213
C M E      ,411031,18.592434,73.847787
Cod Dehu Road      ,412101,18.700478,73.760158
Congress House Road      ,411005,18.523303,73.853551
Dahitane          ,412207,18.545825,74.209128
Dalaj          ,413132,18.231891,74.802682
Dapode          ,412213,18.31031,73.691145
Dapodi          ,411012,18.579049,73.830687
Dapodi Bazar        ,411012,18.624857,73.798769
Dasve Lavasa        ,412112,18.41022,73.509488
Daund          ,413801,18.460086,74.581606
Daundaj          ,412305,18.21359,74.163447
Dawadi          ,410505,18.783539,73.956555
Dawanewadi          ,412311,18.246888,74.015323
Deccan Gymkhana        ,411004,18.515773,73.842652
Degaon          ,412213,18.274998,73.893485
Dehane          ,412402,19.022985,73.658772
Dehu          ,412109,18.716993,73.765618
Dehu Road Cantt      ,412101,18.68047,73.734271
Delwadi          ,412214,18.559352,74.315854
Deulgaonraja          ,413801,18.4553,74.720721
Devale          ,410502,19.304593,73.751204
Dhakale          ,413110,18.181241,74.434976
Dhamane          ,410506,18.688929,73.668337
Dhamani          ,410508,18.915533,74.063793
Dhamari          ,412403,18.788104,74.041763
Dhangavadi          ,412205,18.461621,73.850531
Dhankawadi          ,411043,18.45678,73.856275
Dhanore          ,412105,18.657894,73.928662
Dhanore          ,412208,18.657894,73.928662
Dhanori          ,411015,18.580475,73.882755
Dhayari          ,411041,18.439598,73.812498
Dhekalwadi          ,413104,18.107437,74.668043
Dholwad          ,412409,19.220755,73.989507
Dighi Camp        ,411015,18.572696,73.910359
Dimbhe Colony        ,410509,19.086285,73.752392
Dingore          ,412409,19.275244,73.929369
Diwa          ,412301,18.645159,73.92576
Donda          ,410505,18.876855,73.851613
Donje          ,411025,18.408752,73.76707
Dorlewadi          ,413102,18.098258,74.610031
Dr.B.A. Chowk        ,411001,18.523491,73.869549
Dukirkline          ,411014,18.645159,73.92576
East Khadki        ,411003,18.546345,73.867208
Eklahare          ,412402,19.034396,73.955631
Ex. Serviceman Colony      ,411038,18.645159,73.92576
Film Institute        ,411004,18.51244,73.828763
Fulgaon          ,412216,18.658611,74.013889
Gadad          ,410501,18.905312,73.612604
Galandwadi          ,412203,18.529252,74.336752
Ganegaon Dumala        ,412211,18.513611,74.534722
Ganegaon Khalasa        ,412209,18.75943,74.176841
Ganeshkhind          ,411007,18.559586,73.817082
Gangapur KH        ,410516,19.065176,73.783086
Garade          ,412301,18.350321,73.928634
Gawadewadi          ,412405,18.958246,73.99354
Ghodegaon          ,412408,19.043699,73.833084
Ghorpade Peth        ,411042,18.502343,73.868735
Ghorpuri Bazar        ,411001,18.528172,73.893865
Ghotavade          ,412115,18.550435,73.662487
Ghotawadi          ,410505,18.988502,73.63596
Ghotondi          ,413120,18.645159,73.92576
Girawali          ,412408,19.087262,73.860882
Girim          ,413801,18.434917,74.51373
Godre          ,410502,19.261439,73.849801
Gogalwadi          ,412205,18.380708,73.872045
Gohe BK        ,410509,19.075995,73.741494
Gokhalenagar          ,411016,18.530733,73.830319
Golegaon          ,412210,18.784794,74.380007
Gondhale Nagar        ,411028,18.505301,73.938921
Gopalwadi          ,413801,18.447958,74.555116
Govt. Polytechnic        ,411016,18.538307,73.832656
Gulani          ,410505,18.874512,73.958025
Gulunche          ,412102,18.147307,74.226003
Gunawadi          ,413102,18.141982,74.5743
Gunjalwadi          ,412401,19.125931,73.942228
Gunjawane          ,412213,18.253632,73.705054
Gurholi          ,412104,18.413149,74.090226
Guruwar Peth        ,411042,18.511359,73.85762
Hadapsar          ,411028,18.562776,73.937058
Hadpsar I.E.        ,411013,18.510337,73.913937
Hargude          ,412311,18.218147,74.073657
Harnas          ,412206,18.196713,73.836311
Harni          ,412305,18.177169,74.115486
Hatve BK        ,412213,18.645159,73.92576
H.E. Factory        ,411003,18.556263,73.862577
Hingangaon          ,413106,18.08471,75.101917
Hingniberdi          ,413801,18.645159,73.92576
Hirdoshi          ,412206,18.115622,73.67082
Hivare          ,412208,18.565182,74.063088
Hivare          ,412301,18.565182,74.063088
Hivare BK        ,410504,19.184309,73.985941
Hivare KH        ,412409,19.228793,73.960357
Hol          ,412306,18.118128,74.312736
Iaf Station        ,411032,18.589426,73.923544
I.A.T          ,411025,18.424626,73.765771
Inamgaon          ,412210,18.589167,74.5375
Indapur          ,413106,18.143048,74.566833
Indapur Bazar        ,413106,18.118703,75.025703
Indrayaninagar          ,411026,18.635848,73.849147
Induri          ,410507,18.73545,73.715888
Infotech Park        ,411057,18.586548,73.736773
Inglun          ,410502,19.056931,73.638673
Inglun          ,412106,19.056931,73.638673
Ins Shivaji Lonavale      ,410402,18.720635,73.376603
Jalgaon Kadepathar        ,413102,18.229645,74.458058
Jambhali BK        ,412213,18.25352,73.835683
Jambhe          ,411033,18.641792,73.721306
Jambhori          ,410509,19.113306,73.676138
Jambhut          ,410504,19.001328,74.203258
Jategaon BK        ,412208,18.72369,74.114727
Javalarjun          ,412303,18.298358,74.242026
Jejuri          ,412303,18.276899,74.160229
Jeur          ,412305,18.128815,74.158713
Jhargadwadi          ,413102,18.645159,73.92576
Jogwadi          ,412206,17.93601,73.821333
Junnar          ,410502,19.203184,73.87425
Kadadhe          ,410513,18.975146,73.8282
Kadam Wak Wasti      ,412201,18.645159,73.92576
Kadethan          ,412215,18.501668,74.454174
Kadus          ,412404,18.897111,73.809757
Kadve          ,412107,18.35315,73.624002
Kaivalyadham          ,410403,18.762447,73.397394
Kalamb          ,410515,19.045845,73.956108
Kalamb          ,413114,19.045845,73.956108
Kalas          ,413105,18.581076,73.873393
Kalashi          ,413106,18.221935,75.001567
Kaldari          ,412311,18.248169,73.988145
Kalewadi          ,411017,18.508423,74.235686
Kalewadi          ,413801,18.508423,74.235686
Kalthan No 1,413106,18.191359,74.998404
Kalus          ,410501,18.764199,73.916877
Kalyan          ,412205,18.343161,73.756951
Kambaleshwar          ,413110,18.645159,73.92576
Kambegi          ,412107,18.348387,73.5426
Kamdhenunagar          ,412202,18.505871,74.148256
Kamshet          ,410405,18.751778,73.551396
Kamthadi          ,412213,18.248905,73.88748
Kanakwadi          ,412206,18.645159,73.92576
Kandali          ,412412,19.158083,74.058858
Kangaon          ,412219,18.517748,74.474544
Kanhe          ,412106,18.758798,73.596218
Kanhersar          ,410505,18.826978,74.007978
Kanhur          ,412218,18.8276,74.135571
Kapad Ganj        ,411002,18.513965,73.85928
Kapurhol          ,412205,18.230982,73.912368
Karandi          ,412208,18.728671,74.062478
Karandi BK        ,412206,18.235221,73.761392
Karandi Khedebare        ,412213,18.278202,73.915148
Karanjawane          ,412209,18.49632,74.0185
Karanjawane          ,412213,18.49632,74.0185
Karanje          ,412306,18.135672,74.267817
Karanjgaon          ,410405,18.81043,73.534014
Karawaghaj          ,413102,18.645159,73.92576
Karda          ,412210,18.07239,74.836228
Karegaon          ,410512,18.866379,74.101236
Karegaon          ,412220,18.866379,74.101236
Karhati          ,412204,18.262573,74.424716
Kari          ,412206,18.077674,73.761154
Karkhel          ,413102,18.309634,74.512247
Karla          ,410405,18.75906,73.479155
Karnawad          ,412206,18.060868,73.808087
Karunj          ,410405,18.709423,73.547266
Karvenagar          ,411052,19.080589,72.905122
Kasari          ,412208,18.703239,74.173539
Kasarsai          ,410506,18.627675,73.675695
Kasarwadi          ,411034,18.974393,72.832963
Kasba Peth        ,411011,18.525897,73.861019
Kashedi          ,412107,18.34159,73.515238
Kashing          ,412108,18.645159,73.92576
Kasurdi          ,412214,18.645159,73.92576
Katfal          ,413133,18.232536,74.595914
Kati          ,413120,18.025776,74.938414
Katraj          ,411046,18.451583,73.859753
Katyachiwadi          ,413104,18.645159,73.92576
Kawtha          ,412218,18.645159,73.92576
Kazad          ,413104,18.150126,74.724928
Kedgaon          ,412203,18.481313,74.376912
Kelawade          ,412213,18.274402,73.869398
Kendur          ,412403,18.783393,74.037356
Kenjal          ,412205,18.18622,73.941207
Kesnand          ,412207,18.573193,74.024137
Ketkavale          ,412205,18.259977,73.937882
Khadaki          ,413130,19.006563,73.992355
Khadakwasla.          ,411024,18.445413,73.780145
Khadki          ,411003,18.568395,73.848334
Khadki Bazar        ,411003,18.568054,73.850869
Khadkumbe          ,410502,19.264915,73.727191
Khalad          ,412301,18.326907,74.080381
Khalumbre          ,410501,18.739175,73.780145
Khamboli          ,412115,18.603343,73.596218
Khamgaon          ,410502,19.246532,73.825716
Khamgaon BK        ,412214,18.645159,73.92576
Khamundi          ,410504,19.239268,74.035426
Khanapur          ,410502,18.648575,73.878295
Khanapur          ,412206,18.648575,73.878295
Khanapur Haveli        ,411025,18.645159,73.92576
Khandaj          ,413116,18.081546,74.519962
Khandala          ,410301,18.759768,73.367922
Khandi          ,412106,18.925435,73.480482
Khandobachi Wadi        ,412102,18.125278,74.244081
Khangaon          ,410502,19.205849,73.806591
Khanote          ,413105,18.32086,74.820883
Kharoshi          ,412402,19.023374,73.681029
Khechare          ,412108,18.486457,73.579526
Khed Shivapur        ,412205,18.33856,73.846647
Khed Shivapur Baug      ,412205,18.339165,73.839232
Khodad          ,410504,19.073087,74.040404
Khondhwa KH        ,411048,18.513021,73.878765
Khopodi          ,412203,18.526119,74.385138
Khor          ,412203,18.40207,74.32513
Khorochi          ,413114,17.961751,74.869616
Khubi          ,412409,19.340319,73.798896
Khutbhav          ,412203,18.509465,74.320254
Kikvi          ,412205,18.20087,73.943903
Kiwale          ,410505,18.75304,73.76399
Kiwale          ,412101,18.75304,73.76399
Kodapur          ,412212,18.302814,73.630073
Kodit          ,412301,18.343853,73.981419
Kohinde BK        ,412404,18.90402,73.757583
Kolawade          ,412115,18.455754,73.558309
Kolvadi          ,412412,19.205797,74.065262
Kolvihire          ,412303,18.244218,74.264526
Kolwadi          ,412110,18.541738,74.025228
Kolwadi          ,412213,18.541738,74.025228
Kolwan          ,412108,18.580637,73.535672
Kondhanpur          ,412205,18.349037,73.793838
Kondhapuri          ,412209,18.755556,74.198611
Kondhawale          ,412108,18.513086,73.600634
Kondhwa BK        ,411048,18.645159,73.92576
Kondhwal          ,410509,18.645159,73.92576
Kondhwa Lh        ,411048,18.439556,73.89535
Koregaon Bhima        ,412216,18.648571,74.062324
Koregaon Bhivar        ,412207,18.623364,74.284944
Koregaon Mul        ,412202,18.523686,74.117347
Korhale BK        ,412103,18.10484,74.417388
Korhale KH        ,412103,18.092254,74.372458
Kothale          ,412303,18.318817,74.158494
Kothrud          ,411038,18.498793,73.821123
Koyali          ,410501,18.714911,73.971328
Kude BK        ,410505,18.971448,73.649742
Kudje          ,411023,18.42507,73.736753
Kule          ,412108,18.56981,73.583139
Kunjirwadi          ,412201,18.499167,74.061667
Kuran          ,410511,19.176212,73.938382
Kuran BK        ,412107,18.392751,73.638904
Kuravali          ,413104,18.069105,74.705327
Kurkumbh          ,413802,18.394618,74.539874
Kurkundi          ,410505,18.850516,73.784557
Kuruli          ,410501,18.716724,73.843178
Kurungwadi          ,412213,18.278648,73.827388
Kurwande          ,410402,18.645159,73.92576
Kurwandi          ,410512,18.983217,73.879815
Kusgaon          ,412205,18.472814,73.742758
Kusgaon          ,412219,18.472814,73.742758
Kusgaon BK        ,410401,18.735617,73.426597
Kushire BK        ,410509,19.134531,73.646562
Kusur          ,410502,19.180607,73.847787
Lakhangaon          ,412406,18.961121,74.141139
Lakhewadi          ,413103,17.971624,74.947181
Landewadi          ,410503,19.014562,73.893548
Lasurna          ,413114,18.081048,74.762966
Late          ,412103,18.0772,74.409146
Lawale          ,412115,18.526711,73.704113
Lohogaon          ,411047,18.618447,73.947738
Lokmanyanagar          ,411030,18.50523,73.846194
Lonavala          ,410401,18.73059,73.426861
Lonavala Bazar        ,410401,18.645159,73.92576
Loni Bhapkar        ,413110,18.226843,74.383873
Loni Deokar        ,413132,18.204507,74.916493
Loni Dhamani        ,410510,18.892747,74.081453
Loni Kalbhor        ,412201,18.488353,74.022193
Lonikand          ,412216,18.6175,74.021667
Madanwadi          ,413130,18.28036,74.746874
Madh          ,412409,19.327244,73.840958
Madhukarnagar Patas        ,412219,18.645159,73.92576
Mahalunge Ingale        ,410501,18.758823,73.80675
Mahalunge Padwal        ,410515,19.066359,73.916206
Mahude BK        ,412206,18.16408,73.770082
Mahur          ,412311,18.185472,74.054981
Malad          ,413102,18.132282,74.57425
Malad          ,413130,18.132282,74.57425
Malawali          ,410405,18.30688,73.709537
Male          ,412108,18.373007,73.608827
Male          ,412206,18.373007,73.608827
Malegaon BK        ,413115,18.134162,74.50019
Malegaon IRR Colony      ,413115,18.110621,74.487731
Malewadi          ,412206,18.220298,74.912734
Malshiras          ,412104,18.4073,74.23334
Malthan          ,412218,18.831796,74.211741
Malthan          ,413801,18.831796,74.211741
Manappawasti          ,413110,18.105332,74.458732
Manchar          ,410503,19.002237,73.950677
Mandave          ,412409,19.349751,73.914754
Mandavgan Farata        ,412211,18.545833,74.485833
Mandhar          ,412311,18.215637,74.024504
Mandki          ,412305,18.144017,74.129863
Mandvi BK        ,411023,18.409942,73.703651
Mangalwar Peth        ,411011,18.524339,73.859208
Mangaon          ,412107,18.326908,73.50516
Mangrul          ,412410,19.05762,74.171852
Manikdoh          ,410502,19.226747,73.815439
Manjal Asani        ,412213,18.645159,73.92576
Manjari BK        ,412307,18.506296,73.984769
Manjari Farm        ,412307,18.495094,73.978982
Margasni          ,412213,18.645159,73.92576
Markal          ,412105,18.671866,73.965372
Market Yard        ,411037,18.485306,73.874227
Marunji          ,411057,18.611338,73.714842
Masulkar Colony        ,411018,18.633663,73.812866
Mavdi Kade Pathar      ,412303,18.645159,73.92576
Medad          ,413102,18.177738,74.541882
Mekhali          ,413102,18.068686,74.609489
Midc Kurkumbh        ,413802,18.397177,74.523737
Midc Ranjangaon Ganpati      ,412220,18.783427,74.288993
Model Colony        ,411016,18.534144,73.834759
Mohamadwadi          ,411060,18.41441,73.49637
Morgaon          ,412304,18.278225,74.314278
Mose BK        ,412107,18.399071,73.580025
Mose KH        ,412107,18.38158,73.568278
Moshi          ,412105,18.686731,73.846638
M.Phulenagar          ,411019,18.66909,73.798953
Mudhale          ,413110,18.208833,74.276478
Mukhai          ,412208,18.746287,74.097581
Mundhva          ,411036,18.534856,73.931129
Mundhva AV        ,411036,18.551182,73.928955
Murti Modhave        ,412304,18.212375,74.280885
Murum          ,412306,18.072614,74.302243
Muthe          ,412115,18.645159,73.92576
Naiphad          ,412402,19.054884,73.690316
Nalavane          ,412410,19.193122,74.195148
Nana Peth        ,411002,18.514228,73.869689
Nanded          ,411041,18.458733,73.798914
Nandgaon          ,412108,18.116813,73.766885
Nane          ,410405,18.780749,73.5561
Nangaon          ,412203,18.542023,74.428381
Nanvij          ,413801,18.505777,74.539716
Narayangaon          ,410504,19.16005,73.919003
Narayan Peth        ,411030,20.657934,74.3783
Narodi          ,410503,19.023959,73.885134
Nasrapur          ,412213,18.249321,73.879763
Natambi          ,412206,18.1124,73.797058
Nathachi Wadi        ,412214,18.526189,74.292021
Navsahyadri          ,411052,18.482529,73.809557
Naygaon          ,412104,18.391064,73.9783
Naygaon          ,412110,18.391064,73.9783
Nazare          ,412206,18.077364,73.799263
Nazare Kade Pathar      ,412303,18.645159,73.92576
N.C.L. Pune        ,411008,18.533847,73.803675
N.D.A. Khadakwasla        ,411023,18.445413,73.780145
Nehrunagar          ,411018,18.632597,73.821661
Nere          ,412206,18.073517,73.855139
Netwad          ,412409,19.245036,73.950845
Nhavare          ,412211,18.662771,74.369084
Nhavi          ,412205,18.166131,74.448432
Nhavi          ,413132,18.166131,74.448432
N.I.A.          ,411045,18.563204,73.777203
N I B M    ,411048,18.476615,73.896839
Nimbut          ,412102,18.103394,74.234807
Nimgaon Bhogi        ,412220,18.828809,74.268418
Nimgaon Ketki        ,413120,18.08484,74.916434
Nimgaon Khed        ,410505,18.794262,73.929377
Nimgaon Mahalungi        ,412209,18.695594,74.224294
Nimgaon Sava        ,410504,19.08231,74.126482
Nimgiri          ,410502,19.278632,73.774997
Nimone          ,412210,18.708404,74.407127
Nimsakhar          ,413114,18.014365,74.828106
Nira R S      ,412102,18.10215,74.214236
Nirawaghaj          ,413102,18.645159,73.92576
Nirgude          ,410502,18.705268,74.264883
Nirgude          ,413130,18.705268,74.264883
Nirgudsar          ,412406,18.975906,74.0447
Nirvi          ,412210,18.648469,74.423984
Nirwangi          ,413114,18.005407,74.88903
N.W. College        ,411001,18.534508,73.879278
Ordanance Dep Talegaon Dabhade    ,410506,18.645159,73.92576
Ordnance Factory Dehu Road    ,412101,18.6838,73.7318
Osade          ,411025,18.379066,73.686254
Otur          ,412409,19.256897,73.986485
Ozar          ,410504,19.18825,73.961331
Pabal          ,412403,18.83083,74.052044
Pabe          ,412212,18.321069,73.66613
Padvi          ,412203,18.381081,74.393449
Pait          ,410505,18.878019,73.721306
Palasdeo          ,413132,18.23443,74.892472
Palu          ,410505,18.910998,73.67128
Panawadi          ,412301,18.270738,74.018303
Pandare          ,413110,18.139375,74.462164
Pandheshwar          ,412303,18.305785,74.251679
Pangare          ,412301,18.260898,74.05549
Pangari          ,412206,18.179207,73.71676
Panshet          ,412107,18.38389,73.603578
Pargaon          ,412203,18.560074,74.373309
Pargaon Memane        ,412104,18.358802,74.120326
Pargaon Tarfe Ala      ,410504,18.645159,73.92576
Pargaon Tarfe Avasari      ,412406,18.645159,73.92576
Pargaon Tarfe Khed      ,410512,18.930891,73.959494
Pargaon Tarfe Madh      ,412409,18.645159,73.92576
Parinche          ,412311,18.193717,74.084352
Parunde          ,410502,19.139371,73.840211
Parvati          ,411009,18.488743,73.847787
Parvati Gaon        ,411009,18.49731,73.851095
Parwadi          ,413130,18.298813,73.815439
Pasure          ,412206,18.18622,73.780704
Patas          ,412219,18.434386,74.461355
Paud          ,412108,18.524331,73.613882
Pawananagar          ,410406,18.675276,73.547634
P.C.N.T.          ,411044,18.653165,73.767663
Perne          ,412216,18.631389,74.062778
Peth          ,410512,18.930257,73.925165
Phulawade          ,410509,19.123113,73.75698
Phursungi          ,412308,18.474727,73.977819
Pimpalgaon Joga        ,412409,19.307579,73.922165
Pimpalgaon Mahalunge        ,410503,19.003287,73.958838
Pimpalgaon Tarfa Narayangaon      ,412401,19.13131,73.94186
Pimpalgaon Tarfe Chakan      ,410501,18.64807,73.959931
Pimpalgaon Tarfe Ghoda      ,412408,19.062873,73.829054
Pimpali          ,413102,18.130701,74.618815
Pimpalwandi          ,412412,19.177551,74.073198
Pimparkhed          ,410504,19.00683,74.146938
Pimple          ,412301,18.601452,73.802303
Pimple Gurav        ,411061,18.585982,73.812126
Pimpri          ,412303,18.327195,74.214998
Pimpri BK        ,410505,18.383642,74.418323
Pimpri BK        ,413103,18.383642,74.418323
Pimpri Colony        ,411017,18.492947,73.856792
Pimpri Pendhar        ,410504,19.222668,74.06308
Pimpri P F      ,411018,18.623082,73.80883
Pimpri Sandas        ,412216,18.609572,74.1284
Pimpri Waghire        ,411017,18.623232,73.802251
Pingori          ,412305,18.214954,74.090975
Pirangut          ,412115,18.507429,73.668889
Pisarve          ,412104,18.373768,74.193547
Pisavare          ,412206,18.139898,73.790917
Pokhari          ,410509,19.071378,73.691881
Pomgaon          ,412108,18.57892,73.4357
Punawale          ,411033,18.637202,73.745784
Pune          ,411001,18.513021,73.878765
Pune Cantt East      ,411001,18.511841,73.879976
Pune City        ,411002,18.515797,73.856605
Pune New Bazar      ,411001,18.506764,73.879907
Rahu          ,412207,18.571145,74.270537
Rahu Pimpalgaon        ,412214,18.645159,73.92576
Rajegaon          ,413105,18.349245,74.778817
Rajewadi          ,412104,18.388267,74.153356
Rajgurunagar          ,410505,18.855031,73.887499
Rajpur          ,410509,19.09012,73.61241
Rajur          ,410502,19.245617,73.800734
Rajuri          ,412104,18.760431,74.205998
Rajuri          ,412411,18.760431,74.205998
Rakh          ,412305,18.206163,74.214998
Rangaon          ,413114,18.047139,74.807243
Range Hills        ,411020,18.560625,73.838023
Ranjane          ,411025,18.339993,73.695271
Ranjangaon Ganpati        ,412209,18.451633,74.143832
Ranjangaon Sandas        ,412211,18.572374,74.343351
Ranjani          ,410504,19.045696,74.050575
Ranmala          ,412303,18.897146,74.094455
Rase          ,410501,18.735624,73.895003
Rashtra Bhasha Bhavan      ,411030,18.645159,73.92576
Rasta Peth        ,411011,18.516644,73.872355
Ravangaon          ,413130,18.359177,74.627202
Ravet          ,412101,18.643269,73.745056
Raviwar Peth        ,411002,18.51186,73.862417
Rayari          ,412206,18.075739,73.730133
Redni          ,413114,17.984287,74.909192
Retwadi          ,410505,18.819695,73.923134
Rihe          ,412115,18.577028,73.640855
Rohokadi          ,412409,19.299849,73.994462
Roti          ,412219,18.392808,74.48187
R P T S Khandala  ,410302,18.77024,73.372343
Rule          ,412107,18.3826,73.657328
Rupeenagar          ,411062,18.672968,73.779483
Saburdi          ,412404,18.930962,73.765437
Sachapir Street        ,411001,18.513638,73.876726
Sadalgaon          ,412211,18.536667,74.348056
Sadashiv Peth        ,411030,18.506685,73.845731
Sadumbre          ,412109,18.645159,73.92576
Sahajpurwadi          ,412202,18.503448,74.185647
Sakhar          ,412213,18.277301,73.724984
Sakore          ,410515,19.03609,73.917612
Sakori Tarfe Belha      ,412410,19.100621,74.182712
Sakurde          ,412303,18.274465,74.119592
Sal          ,412408,19.033173,73.811581
Salisbury Park        ,411037,18.493934,73.872931
Salumbre          ,412101,18.667192,73.693225
Sanaswadi          ,412208,18.66,74.109444
Sandbhorwadi          ,410505,18.878178,73.889248
Sangamner          ,412206,18.187688,73.873658
Sangavi          ,411027,18.055609,74.4848
Sangavi          ,412206,18.055609,74.4848
Sangrun          ,412115,18.400038,73.679139
Sangvi          ,413102,18.059599,74.482795
Sansar          ,413104,18.112944,74.702248
Sapkalwadi          ,413104,18.094451,74.687613
Sarati          ,413103,17.922644,75.002277
Sarole          ,412205,18.177169,73.958395
Sasanenagar          ,411028,18.491955,73.934513
Saswad          ,412301,18.34196,74.041028
Sate          ,412106,18.743879,73.598426
Saval          ,413133,18.95666,73.482147
Savargaon          ,412401,19.135639,73.901444
Savindane          ,410510,18.877614,74.091315
Saygaon          ,412404,18.922282,73.800316
Shaniwar Peth        ,411030,18.519284,73.852486
Shelgaon          ,413114,18.104388,74.840042
Shere          ,412108,18.53081,73.559229
Shetfalgade          ,413130,18.019796,74.97117
Shetphal Haveli        ,413103,18.027897,74.981388
Shiavane          ,410506,18.46669,73.780351
Shikrapur          ,412208,18.693968,74.13803
Shind          ,412206,18.165501,73.787498
Shindavane          ,412202,18.426011,74.117986
Shindewadi          ,412205,18.513491,73.671304
Shinoli          ,410516,19.074873,73.778674
Shirapur          ,413801,18.455265,74.721185
Shirasane          ,413110,18.645159,73.92576
Shirasgaonkata          ,412210,18.629198,74.469415
Shiravali          ,413102,18.559797,73.481904
Shirgaon          ,412206,18.566625,73.632428
Shirgaon          ,412402,18.566625,73.632428
Shirkoli          ,412107,18.354594,73.61793
Shiroli          ,410505,18.826885,73.87572
Shiroli B K      ,410511,19.192749,73.92536
Shirsatwadi          ,413114,18.050643,74.820971
Shirsuphal          ,413102,18.306812,74.573578
Shirur          ,412210,18.825649,74.375023
Shivaji Housing Society      ,411016,18.530188,73.829915
Shivajinagar          ,411005,18.527442,73.849065
Shivali          ,410406,18.674478,73.5307
Shivane          ,411023,18.463754,73.784363
Shivare          ,412205,18.320655,73.86837
Shivari          ,412301,18.298449,74.091529
Shive          ,410501,18.842969,73.683323
Shivnagar          ,413116,18.072144,74.581477
Shriprayagdham          ,412202,18.515769,74.101013
Shukrawar Peth        ,411002,18.512501,73.856733
Sinhgad Technical Education Society    ,411041,20.470768,74.977343
Solu          ,412105,18.666009,73.943653
Someshwarnagar          ,412306,18.106766,74.283953
Sonari          ,412301,18.645159,73.92576
Songaon          ,413102,18.070609,74.644877
Sopannagar          ,412301,18.358393,74.022668
S.P. College        ,411030,18.508335,73.849416
Srpf          ,411022,18.498303,73.908058
S R P F Daund  ,413801,18.444637,74.573205
S.S.C.Exam Board        ,411005,18.645159,73.92576
Supa          ,412204,18.335009,74.377617
Surwad          ,413103,18.014168,74.992472
Sus          ,411021,18.544885,73.779118
Swargate          ,411042,18.50066,73.858481
Swargate Chowk        ,411042,18.501083,73.858642
Takali Bhima        ,412208,18.645833,74.219167
Takave KH        ,410405,18.645159,73.92576
Takawe BK        ,412106,18.804167,73.608843
Taklihaji          ,412218,18.889677,74.260485
Talegaon Dabhade        ,410506,18.676692,73.905119
Talegaon Dhamdhere        ,412208,18.6677,74.152767
Talegaon G H      ,410507,18.733383,73.675433
Taleghar          ,410509,19.085303,73.636087
Taleran          ,412409,19.31058,73.781248
Talwade          ,411062,18.675565,73.782678
Tambad          ,412213,18.959804,73.934413
Tambe          ,410502,19.174096,73.770746
Tandali          ,412211,18.548916,74.571226
Tandulwadi          ,413102,18.184924,74.585012
Taparewadi          ,412205,18.148935,74.031481
Tav          ,412107,18.368751,73.513893
Tavshi          ,413104,18.645159,73.92576
Tekawade          ,412104,18.446591,74.563066
Telewadi          ,412207,18.608024,74.261949
Thathawade          ,411033,18.627597,73.74549
Thergaon          ,411033,18.609275,73.772937
Theur          ,412110,18.52432,74.04648
Thugaon          ,410512,18.962929,73.897769
Tirpad          ,410509,19.17405,73.647734
Titeghar          ,412206,18.033484,73.769482
Tiwai Hills        ,410513,18.926768,73.847787
Tokawade          ,412402,19.040096,73.607996
Tondal          ,412312,18.156682,74.054981
T.V. Nagar        ,411037,18.49492,73.865016
Udapur          ,412409,19.279321,73.950677
Udhat          ,413104,18.061415,74.687591
Umbraj          ,412412,19.204243,74.011295
Umbre Navlakh        ,410507,18.80008,73.694692
Undawadi K P      ,413102,18.525472,74.267292
Undawadi Supa        ,413102,18.645159,73.92576
Uralgaon          ,412211,18.664467,74.314755
Uravade          ,412115,18.478607,73.663061
Urse          ,410506,18.709344,73.638904
Uruli Devachi        ,412308,18.456311,73.956383
Urulikanchan          ,412202,18.486922,74.138608
Utchil          ,410502,19.222747,73.719467
Utroli          ,412206,18.133765,73.861754
Uttamnagar          ,411023,18.474928,73.772603
Vada          ,412402,18.81093,73.512841
Vadaj          ,410502,19.152288,73.86984
Vadapuri          ,413106,18.054134,75.012941
Vadebholhai          ,412207,18.587973,74.078479
Vadeshwar          ,412106,18.85416,73.549822
Vadgaon          ,412106,18.741153,73.6351
Vadgaon Anand        ,412411,19.188063,74.081048
Vadgaon Budruk        ,411041,18.471618,73.827214
Vadgaon Dalache        ,412206,18.146498,73.881057
Vadgaon Ghenanad        ,410501,18.719286,73.940637
Vadgaon Kandali        ,412412,19.134113,74.062296
Vadgaon Kashimbeg        ,410503,19.025265,73.930282
Vadgaon Nimbalkar        ,412103,18.128522,74.363879
Vadgaon Peer        ,410510,18.877614,74.091315
Vadgaon Rasai        ,412211,18.562778,74.433611
Vadgaon Sahani        ,412401,19.160941,73.916521
Vadgaon Sheri        ,411014,18.557648,73.926188
Vadhu BK        ,412216,18.679019,74.047638
Vadki          ,412308,18.430819,73.977126
Vagholi          ,412207,18.58184,73.981724
Valati          ,410504,19.025468,74.06673
Valha          ,412305,18.187875,74.152283
Vanpuri          ,412301,18.373683,74.06673
Vaphgaon          ,410505,18.87997,73.990047
Varale          ,410507,18.746342,73.68728
Vardade          ,411025,18.385903,73.698968
Varkute KH        ,413120,18.064259,74.928776
Varodi KH        ,412206,18.044677,73.803675
Varoti BK        ,412212,18.254784,73.574136
Varude          ,410505,18.820868,74.089271
Varude          ,412209,18.820868,74.089271
Varvand          ,412215,18.448227,74.40935
Varye BK        ,412205,18.299375,73.865243
Vasuli          ,410501,18.785849,73.7638
Veer          ,412312,18.155557,74.088348
Vehergaon          ,410405,18.784091,73.46553
Velhe          ,412212,18.296269,73.637432
Velu          ,412205,18.363401,73.859182
Velvand          ,412206,18.208283,73.747903
Venavadi          ,412206,18.143962,73.821321
Vetale          ,412404,18.949051,73.79044
Vidyanagar          ,411032,18.57671,73.890684
Viman nagar        ,411014,18.567929,73.914318
Vishnupuri          ,410507,18.728603,73.66383
Vishrantwadi          ,411015,18.572605,73.878208
Vithalwadi          ,412208,18.624238,74.172503
Vyahali          ,413120,18.126686,74.879468
Waghapur          ,412104,18.396765,74.126198
Wakad          ,411057,18.600723,73.766567
Waki          ,412306,18.164682,74.322087
Waki BK        ,410501,18.792855,73.88274
Walchandnagar          ,413114,18.034107,74.789295
Walki          ,412207,18.574251,74.304615
Walunj          ,412303,18.316885,74.097118
Wangani          ,412213,18.302167,73.772061
Wanowarie          ,411040,18.500584,73.885954
Warje          ,411058,18.484009,73.7941
Washere          ,412404,18.938289,73.743357
Watluj          ,413105,18.393445,74.77254
Winzer          ,412213,18.645159,73.92576
Yamunanagar          ,411044,18.66685,73.788341
Yavat          ,412214,18.476716,74.27315
Yavat R S      ,412214,18.477389,74.269284
Yedgaon          ,410504,19.158589,73.98888
Yenere          ,410502,19.171146,73.822792
Yeniye BK        ,410505,18.978268,73.678283
Yerwada          ,411006,18.560946,73.88307
Yerwada T.S.        ,411006,18.544835,73.877854